SET,SETArmPosition,PinNum,slope,n.readings,first.Date,last.Date
1,B,1,-3.5158607194390887e-4,19,2004.77868852459,2018.7287671232878
1,B,2,-2.968965270781318e-4,20,2004.77868852459,2018.7287671232878
1,B,3,-1.542235351246623e-4,20,2004.77868852459,2018.7287671232878
1,B,4,-8.01182742072384e-4,20,2004.77868852459,2018.7287671232878
1,B,5,-4.2993317710626533e-4,20,2004.77868852459,2018.7287671232878
1,B,6,-7.037898551739326e-4,20,2004.77868852459,2018.7287671232878
1,B,7,-2.8334320366688373e-4,19,2004.77868852459,2018.7287671232878
1,B,8,-3.7543032763846974e-4,19,2004.77868852459,2018.7287671232878
1,B,9,-1.2270561943417287e-4,17,2004.77868852459,2018.7287671232878
1,D,1,3.472190430973183e-4,20,2004.77868852459,2018.7287671232878
1,D,2,7.365330761012205e-4,20,2004.77868852459,2018.7287671232878
1,D,3,4.553318251658311e-5,19,2004.77868852459,2018.7287671232878
1,D,4,1.8708002657129082e-5,20,2004.77868852459,2018.7287671232878
1,D,5,8.769163972031407e-5,20,2004.77868852459,2018.7287671232878
1,D,6,1.0437130816361794e-4,19,2004.77868852459,2018.7287671232878
1,D,7,-1.1854943952733e-5,20,2004.77868852459,2018.7287671232878
1,D,8,1.2390314293390947e-4,20,2004.77868852459,2018.7287671232878
1,D,9,-2.5324219923590765e-4,20,2004.77868852459,2018.7287671232878
1,F,1,3.732304115520505e-4,20,2004.77868852459,2018.7287671232878
1,F,2,4.453934535301078e-4,20,2004.77868852459,2018.7287671232878
1,F,3,3.985545188278917e-4,20,2004.77868852459,2018.7287671232878
1,F,4,5.747559414801787e-4,20,2004.77868852459,2018.7287671232878
1,F,5,8.442032752050252e-4,20,2004.77868852459,2018.7287671232878
1,F,6,9.139764905747426e-4,20,2004.77868852459,2018.7287671232878
1,F,7,0.0012721716832154856,20,2004.77868852459,2018.7287671232878
1,F,8,9.403108146354825e-4,20,2004.77868852459,2018.7287671232878
1,F,9,8.629765769239176e-4,20,2004.77868852459,2018.7287671232878
1,H,1,-2.136949259552199e-4,20,2004.77868852459,2018.7287671232878
1,H,2,-2.487546746065196e-4,20,2004.77868852459,2018.7287671232878
1,H,3,-1.4657462922070073e-4,20,2004.77868852459,2018.7287671232878
1,H,4,-3.1409961989561545e-4,20,2004.77868852459,2018.7287671232878
1,H,5,1.3916945458444352e-4,20,2004.77868852459,2018.7287671232878
1,H,6,-2.667159826014697e-4,19,2004.77868852459,2018.7287671232878
1,H,7,4.948787403301597e-5,20,2004.77868852459,2018.7287671232878
1,H,8,-3.6988539154759727e-4,20,2004.77868852459,2018.7287671232878
1,H,9,-2.660181438706849e-4,20,2004.77868852459,2018.7287671232878
2,A,1,0.001981257773648553,20,2004.77868852459,2018.7287671232878
2,A,2,0.0023716361542826347,20,2004.77868852459,2018.7287671232878
2,A,3,0.0021958758048150006,19,2004.77868852459,2018.7287671232878
2,A,4,0.0019730429567684565,20,2004.77868852459,2018.7287671232878
2,A,5,0.0018167094449669404,19,2004.77868852459,2018.7287671232878
2,A,6,0.001665312062896155,19,2004.77868852459,2018.7287671232878
2,A,7,0.0021153931065309843,20,2004.77868852459,2018.7287671232878
2,A,8,0.002096771564029707,20,2004.77868852459,2018.7287671232878
2,A,9,0.002174413332667412,20,2004.77868852459,2018.7287671232878
2,C,1,0.00195882829000826,19,2004.77868852459,2018.7287671232878
2,C,2,0.001791090515475305,20,2004.77868852459,2018.7287671232878
2,C,3,0.002460194378589463,20,2004.77868852459,2018.7287671232878
2,C,4,0.002158624708580757,20,2004.77868852459,2018.7287671232878
2,C,5,0.0022515441390450527,20,2004.77868852459,2018.7287671232878
2,C,6,0.0024997325217883644,20,2004.77868852459,2018.7287671232878
2,C,7,0.002232687948505228,20,2004.77868852459,2018.7287671232878
2,C,8,0.002390375022635524,20,2004.77868852459,2018.7287671232878
2,C,9,0.0023819497530531545,20,2004.77868852459,2018.7287671232878
2,E,1,0.0026955660565392008,20,2004.77868852459,2018.7287671232878
2,E,2,0.00268445216930797,20,2004.77868852459,2018.7287671232878
2,E,3,0.002826166221755897,20,2004.77868852459,2018.7287671232878
2,E,4,0.0025998153310657587,20,2004.77868852459,2018.7287671232878
2,E,5,0.0028570754431992895,20,2004.77868852459,2018.7287671232878
2,E,6,0.00280224359834264,20,2004.77868852459,2018.7287671232878
2,E,7,0.0027422996353103665,20,2004.77868852459,2018.7287671232878
2,E,8,0.0023766332562031724,20,2004.77868852459,2018.7287671232878
2,E,9,0.0026130712851949564,20,2004.77868852459,2018.7287671232878
2,G,1,0.0025112006054724824,20,2004.77868852459,2018.7287671232878
2,G,2,0.002536066182796795,20,2004.77868852459,2018.7287671232878
2,G,3,0.0026121996960742386,20,2004.77868852459,2018.7287671232878
2,G,4,0.002520075746152282,20,2004.77868852459,2018.7287671232878
2,G,5,0.0027679966994286673,20,2004.77868852459,2018.7287671232878
2,G,6,0.0023344463292527887,20,2004.77868852459,2018.7287671232878
2,G,7,0.0021089977340481266,20,2004.77868852459,2018.7287671232878
2,G,8,0.0021566858834235402,20,2004.77868852459,2018.7287671232878
2,G,9,0.0019525457434267962,20,2004.77868852459,2018.7287671232878
3,A,1,0.0016432521356027567,21,2004.77868852459,2018.7287671232878
3,A,2,0.0015245244339410066,21,2004.77868852459,2018.7287671232878
3,A,3,0.0015030680646807776,21,2004.77868852459,2018.7287671232878
3,A,4,0.0012898329699614801,21,2004.77868852459,2018.7287671232878
3,A,5,0.00167556649171409,21,2004.77868852459,2018.7287671232878
3,A,6,0.0014399878431617886,21,2004.77868852459,2018.7287671232878
3,A,7,0.0015831173472633311,21,2004.77868852459,2018.7287671232878
3,A,8,0.001523349537009206,21,2004.77868852459,2018.7287671232878
3,A,9,9.586307500137108e-4,21,2004.77868852459,2018.7287671232878
3,C,1,0.001981257784116126,21,2004.77868852459,2018.7287671232878
3,C,2,0.0020680410287705177,20,2004.77868852459,2018.7287671232878
3,C,3,0.00222459225757453,21,2004.77868852459,2018.7287671232878
3,C,4,0.0022657559520777135,21,2004.77868852459,2018.7287671232878
3,C,5,0.0019497518894076135,21,2004.77868852459,2018.7287671232878
3,C,6,0.0021679258391854766,21,2004.77868852459,2018.7287671232878
3,C,7,0.0025798914158230387,21,2004.77868852459,2018.7287671232878
3,C,8,0.0021492034811632617,21,2004.77868852459,2018.7287671232878
3,C,9,0.002057314377334,21,2004.77868852459,2018.7287671232878
3,E,1,0.0017152549931204878,21,2004.77868852459,2018.7287671232878
3,E,2,0.0021751959536841386,21,2004.77868852459,2018.7287671232878
3,E,3,0.0023725961225413775,21,2004.77868852459,2018.7287671232878
3,E,4,0.0020411216793420404,21,2004.77868852459,2018.7287671232878
3,E,5,0.0021859543376983744,21,2004.77868852459,2018.7287671232878
3,E,6,0.002294277446203787,20,2004.77868852459,2018.7287671232878
3,E,7,0.002257683151775635,21,2004.77868852459,2018.7287671232878
3,E,8,0.0020761878985440527,21,2004.77868852459,2018.7287671232878
3,E,9,0.002037702081806595,20,2004.77868852459,2018.7287671232878
3,G,1,0.001554594147101383,21,2004.77868852459,2018.7287671232878
3,G,2,0.0015985857500873217,21,2004.77868852459,2018.7287671232878
3,G,3,0.00183835443848551,21,2004.77868852459,2018.7287671232878
3,G,4,0.0011912715086692897,21,2004.77868852459,2018.7287671232878
3,G,5,0.0020161810484821832,21,2004.77868852459,2018.7287671232878
3,G,6,0.0017256446488677847,21,2004.77868852459,2018.7287671232878
3,G,7,0.0018489411646849601,21,2004.77868852459,2018.7287671232878
3,G,8,0.002110421346320355,21,2004.77868852459,2018.7287671232878
3,G,9,0.002361273077426127,21,2004.77868852459,2018.7287671232878
4,B,1,-0.0027534415644450954,20,2004.7814207650274,2018.7287671232878
4,B,2,-0.0020511077554971682,20,2004.7814207650274,2018.7287671232878
4,B,3,-0.0020477732902912547,20,2004.7814207650274,2018.7287671232878
4,B,4,-0.0025919875642896654,19,2004.7814207650274,2018.7287671232878
4,B,5,-0.0020015836976491437,19,2004.7814207650274,2018.7287671232878
4,B,6,-0.0017680035254544308,19,2004.7814207650274,2018.7287671232878
4,B,7,-0.0012812950892109461,20,2004.7814207650274,2018.7287671232878
4,B,8,-0.0013818171832514917,18,2004.7814207650274,2018.7287671232878
4,B,9,-8.202997272379302e-4,18,2004.7814207650274,2018.7287671232878
4,D,1,-0.0029429109942377585,19,2004.7814207650274,2018.7287671232878
4,D,2,-0.0026414723595645706,20,2004.7814207650274,2018.7287671232878
4,D,3,-0.0017874363076887602,20,2004.7814207650274,2018.7287671232878
4,D,4,-0.0023882092296387495,19,2004.7814207650274,2018.7287671232878
4,D,5,-0.0022200363074767796,20,2004.7814207650274,2018.7287671232878
4,D,6,-0.0025180117743818886,20,2004.7814207650274,2018.7287671232878
4,D,7,-0.001269181585313881,19,2004.7814207650274,2018.7287671232878
4,D,8,-1.1702233375600843e-4,20,2004.7814207650274,2018.7287671232878
4,D,9,-8.386487975127831e-4,19,2004.7814207650274,2018.7287671232878
4,F,1,-0.0021872580577541436,19,2004.7814207650274,2018.7287671232878
4,F,2,-0.0026544994193765515,20,2004.7814207650274,2018.7287671232878
4,F,3,-0.0032483501973253606,19,2004.7814207650274,2018.7287671232878
4,F,4,-0.003230637956496701,20,2004.7814207650274,2018.7287671232878
4,F,5,-0.003083382656506139,18,2004.7814207650274,2018.7287671232878
4,F,6,-0.004261734003660822,18,2004.7814207650274,2018.7287671232878
4,F,7,-0.0036865951550000046,20,2004.7814207650274,2018.7287671232878
4,F,8,-0.0032307790737440382,19,2004.7814207650274,2018.7287671232878
4,F,9,-0.003490629004952769,20,2004.7814207650274,2018.7287671232878
4,H,1,-0.0026150191926678536,19,2004.7814207650274,2018.7287671232878
4,H,2,-0.0027348564221945574,20,2004.7814207650274,2018.7287671232878
4,H,3,-0.0027653519757599118,20,2004.7814207650274,2018.7287671232878
4,H,4,-0.0023895287202351863,20,2004.7814207650274,2018.7287671232878
4,H,5,-0.002164140450850728,20,2004.7814207650274,2018.7287671232878
4,H,6,-0.0021513502372052387,20,2004.7814207650274,2018.7287671232878
4,H,7,-0.0023207985923821665,20,2004.7814207650274,2018.7287671232878
4,H,8,-0.0025066639698767285,20,2004.7814207650274,2018.7287671232878
4,H,9,-0.0012257555665258827,19,2004.7814207650274,2018.7287671232878
5,A,1,7.672179043534692e-4,13,2004.7814207650274,2018.7945205479452
5,A,2,7.569210718424406e-4,13,2004.7814207650274,2018.7945205479452
5,A,3,7.702244399380867e-4,13,2004.7814207650274,2018.7945205479452
5,A,4,5.997825224300755e-5,13,2004.7814207650274,2018.7945205479452
5,A,5,7.395831612732511e-4,13,2004.7814207650274,2018.7945205479452
5,A,6,4.4287793134067987e-4,13,2004.7814207650274,2018.7945205479452
5,A,7,5.458582906447504e-4,13,2004.7814207650274,2018.7945205479452
5,A,8,6.177369245497299e-4,13,2004.7814207650274,2018.7945205479452
5,A,9,3.976106218429346e-4,13,2004.7814207650274,2018.7945205479452
5,C,1,0.0011941689319611272,13,2004.7814207650274,2018.7945205479452
5,C,2,8.735375490104897e-4,13,2004.7814207650274,2018.7945205479452
5,C,3,0.0013756854432171075,13,2004.7814207650274,2018.7945205479452
5,C,4,9.76612762558123e-4,13,2004.7814207650274,2018.7945205479452
5,C,5,0.0010184992486292393,13,2004.7814207650274,2018.7945205479452
5,C,6,-2.8698799894765517e-6,13,2004.7814207650274,2018.7945205479452
5,C,7,1.7061405578510565e-4,13,2004.7814207650274,2018.7945205479452
5,C,8,4.1352480446614823e-4,13,2004.7814207650274,2018.7945205479452
5,C,9,6.013475181213671e-4,13,2004.7814207650274,2018.7945205479452
5,E,1,7.848964606347339e-4,13,2004.7814207650274,2018.7945205479452
5,E,2,0.0017501295166767845,13,2004.7814207650274,2018.7945205479452
5,E,3,0.0015565550806517876,13,2004.7814207650274,2018.7945205479452
5,E,4,0.004016525552453665,13,2004.7814207650274,2018.7945205479452
5,E,5,0.0027958333027098764,13,2004.7814207650274,2018.7945205479452
5,E,6,0.0013262563609998373,13,2004.7814207650274,2018.7945205479452
5,E,7,6.797287382044088e-4,13,2004.7814207650274,2018.7945205479452
5,E,8,0.0011364096433737231,13,2004.7814207650274,2018.7945205479452
5,E,9,6.08734651055931e-4,13,2004.7814207650274,2018.7945205479452
5,G,1,7.454611349739297e-4,13,2004.7814207650274,2018.7945205479452
5,G,2,7.636488228616212e-4,13,2004.7814207650274,2018.7945205479452
5,G,3,9.409293481425217e-4,13,2004.7814207650274,2018.7945205479452
5,G,4,8.088266082966841e-4,13,2004.7814207650274,2018.7945205479452
5,G,5,0.0019309410893654502,13,2004.7814207650274,2018.7945205479452
5,G,6,0.001632164841207823,13,2004.7814207650274,2018.7945205479452
5,G,7,0.0011859434838707174,13,2004.7814207650274,2018.7945205479452
5,G,8,0.0014899627224954966,13,2004.7814207650274,2018.7945205479452
5,G,9,0.0012637124272431102,13,2004.7814207650274,2018.7945205479452
6,A,1,-0.00734165812067718,13,2004.7841530054645,2018.7945205479452
6,A,2,-0.007088453573874621,13,2004.7841530054645,2018.7945205479452
6,A,3,-0.007190313615485615,12,2004.7841530054645,2018.7945205479452
6,A,4,-0.007349263671347986,12,2004.7841530054645,2018.7945205479452
6,A,5,-0.008109425001036247,13,2004.7841530054645,2018.7945205479452
6,A,6,-0.007925937105310867,13,2004.7841530054645,2018.7945205479452
6,A,7,-0.008810027049953425,13,2004.7841530054645,2018.7945205479452
6,A,8,-0.008263127169972587,13,2004.7841530054645,2018.7945205479452
6,A,9,-0.009403452125792017,13,2004.7841530054645,2018.7945205479452
6,C,1,-0.005490309058641986,13,2004.7841530054645,2018.7945205479452
6,C,2,-0.005205657832200867,13,2004.7841530054645,2018.7945205479452
6,C,3,-0.0049221401335798705,12,2004.7841530054645,2018.7945205479452
6,C,4,-0.005799852848024514,13,2004.7841530054645,2018.7945205479452
6,C,5,-0.004983641654834304,13,2004.7841530054645,2018.7945205479452
6,C,6,-0.005546710740988396,12,2004.7841530054645,2018.7945205479452
6,C,7,-0.004988099605445212,12,2004.7841530054645,2018.7945205479452
6,C,8,-0.00501133392220102,12,2004.7841530054645,2018.7945205479452
6,C,9,-0.004372573259236669,12,2004.7841530054645,2018.7945205479452
6,E,1,-0.004654845724869511,12,2004.7841530054645,2018.7945205479452
6,E,2,-0.0038907062149108784,12,2004.7841530054645,2018.7945205479452
6,E,3,-0.004125321687547357,12,2004.7841530054645,2018.7945205479452
6,E,4,-0.003464251094274111,12,2004.7841530054645,2018.7945205479452
6,E,5,-0.004067487812719999,12,2004.7841530054645,2018.7945205479452
6,E,6,-0.00409781010530928,12,2004.7841530054645,2018.7945205479452
6,E,7,-0.00391891525583255,13,2004.7841530054645,2018.7945205479452
6,E,8,-0.004194429864630029,13,2004.7841530054645,2018.7945205479452
6,E,9,-0.00449202930394371,12,2004.7841530054645,2018.7945205479452
6,G,1,-0.004505276013532,12,2004.7841530054645,2018.7945205479452
6,G,2,-0.004752970991067533,12,2004.7841530054645,2018.7945205479452
6,G,3,-0.005116278798569321,12,2004.7841530054645,2018.7945205479452
6,G,4,-0.005382643264755352,12,2004.7841530054645,2018.7945205479452
6,G,5,-0.004729728340195572,12,2004.7841530054645,2018.7945205479452
6,G,6,-0.004427547808035296,12,2004.7841530054645,2018.7945205479452
6,G,7,-0.004955652664615434,13,2004.7841530054645,2018.7945205479452
6,G,8,-0.005225168026908447,12,2004.7841530054645,2018.7945205479452
6,G,9,-0.005216207471261752,13,2004.7841530054645,2018.7945205479452
7,A,1,0.002915338847985629,13,2004.7814207650274,2018.7945205479452
7,A,2,0.0029224612173453556,13,2004.7814207650274,2018.7945205479452
7,A,3,0.0028656373713793096,13,2004.7814207650274,2018.7945205479452
7,A,4,0.0025125647341188626,13,2004.7814207650274,2018.7945205479452
7,A,5,0.0022281121962435314,13,2004.7814207650274,2018.7945205479452
7,A,6,0.002082134526136235,12,2004.7814207650274,2018.7945205479452
7,A,7,0.002600672795568736,13,2004.7814207650274,2018.7945205479452
7,A,8,0.0026297702055841877,12,2004.7814207650274,2018.7945205479452
7,A,9,0.0028024013521520323,13,2004.7814207650274,2018.7945205479452
7,C,1,0.0025876803188108035,13,2004.7814207650274,2018.7945205479452
7,C,2,0.002886879234824751,13,2004.7814207650274,2018.7945205479452
7,C,3,0.0029606103520924067,13,2004.7814207650274,2018.7945205479452
7,C,4,0.002610718377795634,13,2004.7814207650274,2018.7945205479452
7,C,5,0.002812822189379337,13,2004.7814207650274,2018.7945205479452
7,C,6,0.003153428312692438,13,2004.7814207650274,2018.7945205479452
7,C,7,0.0032923209241030897,13,2004.7814207650274,2018.7945205479452
7,C,8,0.003039345014631925,13,2004.7814207650274,2018.7945205479452
7,C,9,0.0028864205062045377,12,2004.7814207650274,2018.7945205479452
7,E,1,0.0011639336104249634,13,2004.7814207650274,2018.7945205479452
7,E,2,0.0015120391611611595,13,2004.7814207650274,2018.7945205479452
7,E,3,0.0013677031744417285,13,2004.7814207650274,2018.7945205479452
7,E,4,0.0015646671694198209,13,2004.7814207650274,2018.7945205479452
7,E,5,0.0013875568829236971,13,2004.7814207650274,2018.7945205479452
7,E,6,9.566912058280923e-4,13,2004.7814207650274,2018.7945205479452
7,E,7,0.0016418394120361489,13,2004.7814207650274,2018.7945205479452
7,E,8,0.0014051083385837701,13,2004.7814207650274,2018.7945205479452
7,E,9,0.001366212814780683,13,2004.7814207650274,2018.7945205479452
7,G,1,0.0025727467238297885,13,2004.7814207650274,2018.7945205479452
7,G,2,0.002135163976240979,13,2004.7814207650274,2018.7945205479452
7,G,3,0.0024681624811684847,13,2004.7814207650274,2018.7945205479452
7,G,4,0.002796944426334079,13,2004.7814207650274,2018.7945205479452
7,G,5,0.002726607095032415,13,2004.7814207650274,2018.7945205479452
7,G,6,0.003060190467616915,13,2004.7814207650274,2018.7945205479452
7,G,7,0.002839828485886216,13,2004.7814207650274,2018.7945205479452
7,G,8,0.002435726422119216,13,2004.7814207650274,2018.7945205479452
7,G,9,0.0026509505914457505,13,2004.7814207650274,2018.7945205479452
8,A,1,0.002068652601245413,12,2004.7814207650274,2018.7945205479452
8,A,2,0.0019089871882271943,13,2004.7814207650274,2018.7945205479452
8,A,3,0.0027332861695051353,13,2004.7814207650274,2018.7945205479452
8,A,4,0.002496445480359264,13,2004.7814207650274,2018.7945205479452
8,A,5,0.0036475446490246465,13,2004.7814207650274,2018.7945205479452
8,A,6,0.002112824868754787,13,2004.7814207650274,2018.7945205479452
8,A,7,0.0027202112451182674,13,2004.7814207650274,2018.7945205479452
8,A,8,0.004041142206737362,13,2004.7814207650274,2018.7945205479452
8,A,9,0.0030907652484550145,13,2004.7814207650274,2018.7945205479452
8,C,1,0.0035277128509452966,13,2004.7814207650274,2018.7945205479452
8,C,2,0.004754883814337276,13,2004.7814207650274,2018.7945205479452
8,C,3,0.003546631394705455,13,2004.7814207650274,2018.7945205479452
8,C,4,0.0026995525420470488,13,2004.7814207650274,2018.7945205479452
8,C,5,0.003871328027769433,13,2004.7814207650274,2018.7945205479452
8,C,6,0.004402597575932853,13,2004.7814207650274,2018.7945205479452
8,C,7,0.0030469635136525556,13,2004.7814207650274,2018.7945205479452
8,C,8,0.005502489549969744,13,2004.7814207650274,2018.7945205479452
8,C,9,0.003589039479153344,13,2004.7814207650274,2018.7945205479452
8,E,1,-9.158641585872268e-4,13,2004.7814207650274,2018.7945205479452
8,E,2,1.4858799235294032e-4,13,2004.7814207650274,2018.7945205479452
8,E,3,-4.4374696736407655e-4,13,2004.7814207650274,2018.7945205479452
8,E,4,-5.602697737222016e-4,13,2004.7814207650274,2018.7945205479452
8,E,5,1.0700530129053882e-4,13,2004.7814207650274,2018.7945205479452
8,E,6,0.001252724062970193,13,2004.7814207650274,2018.7945205479452
8,E,7,6.112187730423063e-4,12,2004.7814207650274,2018.7945205479452
8,E,8,0.0013740065412235199,12,2004.7814207650274,2018.7945205479452
8,E,9,4.443000966976305e-4,12,2004.7814207650274,2018.7945205479452
8,G,1,-9.984456759479477e-4,12,2004.7814207650274,2018.7945205479452
8,G,2,-0.0019460046437042087,12,2004.7814207650274,2018.7945205479452
8,G,3,-3.9367367089986527e-4,12,2004.7814207650274,2018.7945205479452
8,G,4,-9.35890535189772e-4,12,2004.7814207650274,2018.7945205479452
8,G,5,-0.002013150485694266,12,2004.7814207650274,2018.7945205479452
8,G,6,-0.004074621420709411,12,2004.7814207650274,2018.7945205479452
8,G,7,-0.0022599063237006296,12,2004.7814207650274,2018.7945205479452
8,G,8,-0.001396399427506917,12,2004.7814207650274,2018.7945205479452
8,G,9,2.504398911251106e-4,12,2004.7814207650274,2018.7945205479452
9,B,1,0.007476451939439145,15,2004.8060109289618,2018.7917808219179
9,B,2,0.007267270461862273,15,2004.8060109289618,2018.7917808219179
9,B,3,0.007895736356188976,15,2004.8060109289618,2018.7917808219179
9,B,4,0.00703376869531553,15,2004.8060109289618,2018.7917808219179
9,B,5,0.007403505161987837,15,2004.8060109289618,2018.7917808219179
9,B,6,0.007047269693262952,15,2004.8060109289618,2018.7917808219179
9,B,7,0.007037593918108597,15,2004.8060109289618,2018.7917808219179
9,B,8,0.006979659637545306,14,2005.2547945205479,2018.7917808219179
9,B,9,0.006726976454286812,14,2005.2547945205479,2018.7917808219179
9,D,1,0.006838804493282465,15,2004.8060109289618,2018.7917808219179
9,D,2,0.006890296908857221,15,2004.8060109289618,2018.7917808219179
9,D,3,0.007167873231685065,15,2004.8060109289618,2018.7917808219179
9,D,4,0.007186091592716482,15,2004.8060109289618,2018.7917808219179
9,D,5,0.006948725802251095,15,2004.8060109289618,2018.7917808219179
9,D,6,0.007200422505854307,15,2004.8060109289618,2018.7917808219179
9,D,7,0.007376966745346586,15,2004.8060109289618,2018.7917808219179
9,D,8,0.006996046089721582,15,2004.8060109289618,2018.7917808219179
9,D,9,0.00696602495026783,14,2004.8060109289618,2018.7917808219179
9,F,1,0.008103447740087349,15,2004.8060109289618,2018.7917808219179
9,F,2,0.008845725758316082,15,2004.8060109289618,2018.7917808219179
9,F,3,0.00912753080758423,15,2004.8060109289618,2018.7917808219179
9,F,4,0.009209245857779753,15,2004.8060109289618,2018.7917808219179
9,F,5,0.009516904126074846,15,2004.8060109289618,2018.7917808219179
9,F,6,0.00996882053995147,15,2004.8060109289618,2018.7917808219179
9,F,7,0.010387071350633043,15,2004.8060109289618,2018.7917808219179
9,F,8,0.010326757741667365,15,2004.8060109289618,2018.7917808219179
9,F,9,0.010571400055921523,15,2004.8060109289618,2018.7917808219179
9,H,1,0.007741160327931825,15,2004.8060109289618,2018.7917808219179
9,H,2,0.008201268469108812,15,2004.8060109289618,2018.7917808219179
9,H,3,0.008078494973730884,15,2004.8060109289618,2018.7917808219179
9,H,4,0.008153520106617117,15,2004.8060109289618,2018.7917808219179
9,H,5,0.007835398369131193,14,2004.8060109289618,2018.7917808219179
9,H,6,0.007936273641728428,15,2004.8060109289618,2018.7917808219179
9,H,7,0.008659921713380848,15,2004.8060109289618,2018.7917808219179
9,H,8,0.007927565870481063,15,2004.8060109289618,2018.7917808219179
9,H,9,0.009830829252144487,15,2004.8060109289618,2018.7917808219179
10,A,1,0.011249594066865473,16,2004.8060109289618,2018.7917808219179
10,A,2,0.011671999547104229,16,2004.8060109289618,2018.7917808219179
10,A,3,0.012305804722070114,16,2004.8060109289618,2018.7917808219179
10,A,4,0.01287439431558936,16,2004.8060109289618,2018.7917808219179
10,A,5,0.01339542092852617,16,2004.8060109289618,2018.7917808219179
10,A,6,0.013495428678458318,16,2004.8060109289618,2018.7917808219179
10,A,7,0.014201708030498712,16,2004.8060109289618,2018.7917808219179
10,A,8,0.014386785755972744,16,2004.8060109289618,2018.7917808219179
10,A,9,0.015123344919928701,15,2004.8060109289618,2018.7917808219179
10,C,1,0.008873679681089446,16,2004.8060109289618,2018.7917808219179
10,C,2,0.008929206751778336,16,2004.8060109289618,2018.7917808219179
10,C,3,0.008850198025513397,16,2004.8060109289618,2018.7917808219179
10,C,4,0.008752324434505325,16,2004.8060109289618,2018.7917808219179
10,C,5,0.009070266223845252,16,2004.8060109289618,2018.7917808219179
10,C,6,0.008438588628431571,16,2004.8060109289618,2018.7917808219179
10,C,7,0.00859656585680863,16,2004.8060109289618,2018.7917808219179
10,C,8,0.008476490362331996,16,2004.8060109289618,2018.7917808219179
10,C,9,0.008558792514150338,16,2004.8060109289618,2018.7917808219179
10,E,1,0.006837617053327519,16,2004.8060109289618,2018.7917808219179
10,E,2,0.006966645115498176,16,2004.8060109289618,2018.7917808219179
10,E,3,0.007257331003678246,16,2004.8060109289618,2018.7917808219179
10,E,4,0.007121547095202045,16,2004.8060109289618,2018.7917808219179
10,E,5,0.006479230567792198,16,2004.8060109289618,2018.7917808219179
10,E,6,0.006598751110363514,16,2004.8060109289618,2018.7917808219179
10,E,7,0.0060753018920608,16,2004.8060109289618,2018.7917808219179
10,E,8,0.005692169500683554,16,2004.8060109289618,2018.7917808219179
10,E,9,0.005955332736828458,16,2004.8060109289618,2018.7917808219179
10,G,1,0.008345550536861977,16,2004.8060109289618,2018.7917808219179
10,G,2,0.007874093899248289,16,2004.8060109289618,2018.7917808219179
10,G,3,0.0077532300429287776,16,2004.8060109289618,2018.7917808219179
10,G,4,0.007986957081582589,16,2004.8060109289618,2018.7917808219179
10,G,5,0.008307037651767674,16,2004.8060109289618,2018.7917808219179
10,G,6,0.007888200995799904,16,2004.8060109289618,2018.7917808219179
10,G,7,0.008183911052458514,16,2004.8060109289618,2018.7917808219179
10,G,8,0.008812785537446298,16,2004.8060109289618,2018.7917808219179
10,G,9,0.008983484314435004,16,2004.8060109289618,2018.7917808219179
11,B,1,-2.292288138672161e-4,10,2006.682191780822,2019.7753424657535
11,B,2,-6.409725659051271e-4,9,2006.8465753424657,2019.7753424657535
11,B,3,-9.587828476552748e-4,10,2006.682191780822,2019.7753424657535
11,B,4,-5.863685170753579e-4,10,2006.682191780822,2019.7753424657535
11,B,5,1.9549055883497977e-4,10,2006.682191780822,2019.7753424657535
11,B,6,3.7492417367901345e-4,10,2006.682191780822,2019.7753424657535
11,B,7,1.481022321875728e-4,10,2006.682191780822,2019.7753424657535
11,B,8,-2.851307101269476e-4,10,2006.682191780822,2019.7753424657535
11,B,9,-3.6644035675586806e-4,10,2006.682191780822,2019.7753424657535
11,D,1,-4.98313107826948e-4,10,2006.682191780822,2019.7753424657535
11,D,2,-3.422317619216866e-4,10,2006.682191780822,2019.7753424657535
11,D,3,-6.279132568108052e-4,9,2006.8465753424657,2019.7753424657535
11,D,4,-8.386046646769563e-4,10,2006.682191780822,2019.7753424657535
11,D,5,-0.0020137738346696545,10,2006.682191780822,2019.7753424657535
11,D,6,-9.158581361665068e-4,10,2006.682191780822,2019.7753424657535
11,D,7,-0.0016628528275268552,10,2006.682191780822,2019.7753424657535
11,D,8,-0.0020288396585181187,9,2006.682191780822,2019.7753424657535
11,D,9,-0.001972167620536188,10,2006.682191780822,2019.7753424657535
11,F,1,-5.60395339808209e-4,10,2006.682191780822,2019.7753424657535
11,F,2,-0.0011293342402836145,10,2006.682191780822,2019.7753424657535
11,F,3,-0.001491487216987227,10,2006.682191780822,2019.7753424657535
11,F,4,-0.0019432384290157026,10,2006.682191780822,2019.7753424657535
11,F,5,-0.0017961207105640972,10,2006.682191780822,2019.7753424657535
11,F,6,-0.0016643404984011182,10,2006.682191780822,2019.7753424657535
11,F,7,-0.0014746278442612588,10,2006.682191780822,2019.7753424657535
11,F,8,-0.0015775198472713975,10,2006.682191780822,2019.7753424657535
11,F,9,-0.0014943432102943316,10,2006.682191780822,2019.7753424657535
11,H,1,-2.3117884490774933e-4,10,2006.682191780822,2019.7753424657535
11,H,2,1.1259183429663702e-4,9,2006.8465753424657,2019.7753424657535
11,H,3,-6.192904949805449e-4,10,2006.682191780822,2019.7753424657535
11,H,4,-8.127132667497075e-4,10,2006.682191780822,2019.7753424657535
11,H,5,-0.0015039347661501689,10,2006.682191780822,2019.7753424657535
11,H,6,-0.0017186660252166274,10,2006.682191780822,2019.7753424657535
11,H,7,-0.0019077429378525027,10,2006.682191780822,2019.7753424657535
11,H,8,-0.0015874517531002624,10,2006.682191780822,2019.7753424657535
11,H,9,-0.001585016670791864,10,2006.682191780822,2019.7753424657535
12,B,1,-0.0010481656125496833,8,2007.805479452055,2018.7917808219179
12,B,2,-9.357826944249024e-4,8,2007.805479452055,2018.7917808219179
12,B,3,-9.022278097368136e-4,8,2007.805479452055,2018.7917808219179
12,B,4,-0.001007535842766605,8,2007.805479452055,2018.7917808219179
12,B,5,-9.321131062091206e-4,8,2007.805479452055,2018.7917808219179
12,B,6,-0.0011275997667116746,8,2007.805479452055,2018.7917808219179
12,B,7,-6.162617015663275e-4,8,2007.805479452055,2018.7917808219179
12,B,8,-2.565522075352945e-4,8,2007.805479452055,2018.7917808219179
12,B,9,-5.978098490030233e-4,8,2007.805479452055,2018.7917808219179
12,C,1,-7.375472233070605e-4,15,2004.8060109289618,2018.7917808219179
12,C,2,-7.645966663820229e-4,15,2004.8060109289618,2018.7917808219179
12,C,3,-5.789798479277508e-4,15,2004.8060109289618,2018.7917808219179
12,C,4,-9.816430669160542e-4,15,2004.8060109289618,2018.7917808219179
12,C,5,-7.237210846877799e-4,15,2004.8060109289618,2018.7917808219179
12,C,6,-0.0012025590454868467,15,2004.8060109289618,2018.7917808219179
12,C,7,-0.0014484554497946366,15,2004.8060109289618,2018.7917808219179
12,C,8,-0.001179222926691766,15,2004.8060109289618,2018.7917808219179
12,C,9,-0.001478863694346756,15,2004.8060109289618,2018.7917808219179
12,D,1,-3.657871812831402e-4,17,2004.8060109289618,2018.7917808219179
12,D,2,-2.7596212376655867e-4,17,2004.8060109289618,2018.7917808219179
12,D,3,-4.047331395094927e-4,17,2004.8060109289618,2018.7917808219179
12,D,4,-3.0961974723167364e-4,17,2004.8060109289618,2018.7917808219179
12,D,5,-6.781420358247266e-5,17,2004.8060109289618,2018.7917808219179
12,D,6,-5.209092701292618e-4,17,2004.8060109289618,2018.7917808219179
12,D,7,-5.211433146608484e-4,17,2004.8060109289618,2018.7917808219179
12,D,8,-1.8648184867368044e-4,17,2004.8060109289618,2018.7917808219179
12,D,9,-1.0515341000550748e-4,17,2004.8060109289618,2018.7917808219179
12,F,1,0.0013241185231773554,17,2004.8060109289618,2018.7917808219179
12,F,2,0.0011596615123656913,17,2004.8060109289618,2018.7917808219179
12,F,3,0.0013115666234752026,17,2004.8060109289618,2018.7917808219179
12,F,4,8.920132812540038e-4,17,2004.8060109289618,2018.7917808219179
12,F,5,0.0013567915138378767,17,2004.8060109289618,2018.7917808219179
12,F,6,0.0015831661487929773,17,2004.8060109289618,2018.7917808219179
12,F,7,0.0017033946702455084,17,2004.8060109289618,2018.7917808219179
12,F,8,0.0015502286539167956,17,2004.8060109289618,2018.7917808219179
12,F,9,0.0016138265471150935,17,2004.8060109289618,2018.7917808219179
12,H,1,-0.0010018558551486516,17,2004.8060109289618,2018.7917808219179
12,H,2,-2.4267857280395747e-4,17,2004.8060109289618,2018.7917808219179
12,H,3,-5.412153543452747e-4,17,2004.8060109289618,2018.7917808219179
12,H,4,-0.0011033591550996561,16,2004.8060109289618,2018.7917808219179
12,H,5,-0.0011767813907011863,17,2004.8060109289618,2018.7917808219179
12,H,6,-9.799846046313731e-4,17,2004.8060109289618,2018.7917808219179
12,H,7,-5.017903643788877e-4,17,2004.8060109289618,2018.7917808219179
12,H,8,-1.4182869132527945e-5,17,2004.8060109289618,2018.7917808219179
12,H,9,1.8193960690554188e-4,17,2004.8060109289618,2018.7917808219179
13,B,1,-0.005915521191016202,11,2005.2575342465752,2018.7917808219179
13,B,2,-0.006086051043377362,11,2005.2575342465752,2018.7917808219179
13,B,3,-0.005322182384449117,13,2005.2575342465752,2018.7917808219179
13,B,4,-0.005897712104444917,13,2005.2575342465752,2018.7917808219179
13,B,5,-0.005082241417089135,13,2005.2575342465752,2018.7917808219179
13,B,6,-0.0044127536592903594,12,2005.4191780821918,2018.7917808219179
13,B,7,-0.003568637433354482,13,2005.2575342465752,2018.7917808219179
13,B,8,-0.003191266107158449,13,2005.2575342465752,2018.7917808219179
13,B,9,-0.0021595914621550054,13,2005.2575342465752,2018.7917808219179
13,D,1,-0.007173660092193638,14,2004.8524590163934,2018.7917808219179
13,D,2,-0.006580786425775947,14,2004.8524590163934,2018.7917808219179
13,D,3,-0.006114398202837821,14,2004.8524590163934,2018.7917808219179
13,D,4,-0.00702102821571401,13,2004.8524590163934,2018.7917808219179
13,D,5,-0.007161285844806691,14,2004.8524590163934,2018.7917808219179
13,D,6,-0.007496963275259467,14,2004.8524590163934,2018.7917808219179
13,D,7,-0.007141835191462037,14,2004.8524590163934,2018.7917808219179
13,D,8,-0.00759402302572846,14,2004.8524590163934,2018.7917808219179
13,D,9,-0.007826085025150987,14,2004.8524590163934,2018.7917808219179
13,F,1,-0.004568778833503813,13,2005.2575342465752,2018.7917808219179
13,F,2,-0.005752639508037423,13,2005.2575342465752,2018.7917808219179
13,F,3,-0.006234201420946936,13,2005.2575342465752,2018.7917808219179
13,F,4,-0.004844209746878878,13,2005.2575342465752,2018.7917808219179
13,F,5,-0.0062373296875440154,13,2005.2575342465752,2018.7917808219179
13,F,6,-0.006480349206769021,12,2005.4191780821918,2018.7917808219179
13,F,7,-0.003513128825910179,13,2005.2575342465752,2018.7917808219179
13,F,8,-0.004606561016139684,13,2005.2575342465752,2018.7917808219179
13,F,9,-0.0032318518002079216,13,2005.2575342465752,2018.7917808219179
13,H,1,-0.004118377801022435,14,2004.8524590163934,2018.7917808219179
13,H,2,-0.004116935712090743,14,2004.8524590163934,2018.7917808219179
13,H,3,-0.004396391781996079,14,2004.8524590163934,2018.7917808219179
13,H,4,-0.004477459786403955,14,2004.8524590163934,2018.7917808219179
13,H,5,-0.004183517122800338,14,2004.8524590163934,2018.7917808219179
13,H,6,-0.003886179317982525,14,2004.8524590163934,2018.7917808219179
13,H,7,-0.0038987290553192627,14,2004.8524590163934,2018.7917808219179
13,H,8,-0.003447567374596792,14,2004.8524590163934,2018.7917808219179
13,H,9,-0.002924894922314402,13,2005.2575342465752,2018.7917808219179
14,A,1,-0.020563502489174646,16,2004.8524590163934,2018.7917808219179
14,A,2,-0.020468001420972715,16,2004.8524590163934,2018.7917808219179
14,A,3,-0.020306650701754414,15,2004.8524590163934,2018.7917808219179
14,A,4,-0.02110618205920575,15,2004.8524590163934,2018.7917808219179
14,A,5,-0.02182956811664413,15,2004.8524590163934,2018.7917808219179
14,A,6,-0.021874788522261667,15,2004.8524590163934,2018.7917808219179
14,A,7,-0.020949385240548853,15,2004.8524590163934,2018.7917808219179
14,A,8,-0.02077885563293599,15,2004.8524590163934,2018.7917808219179
14,A,9,-0.0217578814772752,16,2004.8524590163934,2018.7917808219179
14,C,1,-0.0207273537884042,14,2005.2547945205479,2018.7917808219179
14,C,2,-0.020115254596369724,15,2004.8524590163934,2018.7917808219179
14,C,3,-0.01993168997299618,15,2004.8524590163934,2018.7917808219179
14,C,4,-0.021669299689781124,15,2004.8524590163934,2018.7917808219179
14,C,5,-0.02144659569711358,15,2004.8524590163934,2018.7917808219179
14,C,6,-0.021301935453280914,15,2004.8524590163934,2018.7917808219179
14,C,7,-0.021681911954089857,15,2004.8524590163934,2018.7917808219179
14,C,8,-0.021988850954382147,15,2004.8524590163934,2018.7917808219179
14,C,9,-0.02381020954627671,16,2004.8524590163934,2018.7917808219179
14,E,1,-0.019093145980781306,15,2004.8524590163934,2018.7917808219179
14,E,2,-0.0188667162970778,16,2004.8524590163934,2018.7917808219179
14,E,3,-0.018447844600782824,16,2004.8524590163934,2018.7917808219179
14,E,4,-0.018431001738533882,16,2004.8524590163934,2018.7917808219179
14,E,5,-0.01853033062339347,16,2004.8524590163934,2018.7917808219179
14,E,6,-0.01928637297083906,16,2004.8524590163934,2018.7917808219179
14,E,7,-0.018612780246800267,16,2004.8524590163934,2018.7917808219179
14,E,8,-0.018088652875741604,16,2004.8524590163934,2018.7917808219179
14,E,9,-0.0183925984773755,16,2004.8524590163934,2018.7917808219179
14,G,1,-0.019570310346509533,16,2004.8524590163934,2018.7917808219179
14,G,2,-0.01951542603128036,16,2004.8524590163934,2018.7917808219179
14,G,3,-0.019146272914928347,16,2004.8524590163934,2018.7917808219179
14,G,4,-0.019562592291571056,16,2004.8524590163934,2018.7917808219179
14,G,5,-0.019107021375006274,16,2004.8524590163934,2018.7917808219179
14,G,6,-0.018847707407110406,16,2004.8524590163934,2018.7917808219179
14,G,7,-0.01913297084879511,16,2004.8524590163934,2018.7917808219179
14,G,8,-0.018908849288150398,16,2004.8524590163934,2018.7917808219179
14,G,9,-0.01963954964249287,14,2005.2547945205479,2018.7917808219179
16,A,1,-5.11512037515545e-4,15,2004.8524590163934,2018.7917808219179
16,A,2,-3.4199628302239367e-4,15,2004.8524590163934,2018.7917808219179
16,A,3,-6.62397809475488e-4,15,2004.8524590163934,2018.7917808219179
16,A,4,-7.121530612415176e-4,15,2004.8524590163934,2018.7917808219179
16,A,5,-4.393688240650127e-4,15,2004.8524590163934,2018.7917808219179
16,A,6,-6.469562162197904e-4,15,2004.8524590163934,2018.7917808219179
16,A,7,-2.974839473463166e-4,15,2004.8524590163934,2018.7917808219179
16,A,8,-6.865289467289785e-4,15,2004.8524590163934,2018.7917808219179
16,A,9,-1.301473705565459e-4,15,2004.8524590163934,2018.7917808219179
16,C,1,1.9683750227346097e-4,15,2004.8524590163934,2018.7917808219179
16,C,2,-1.3354484496043832e-4,15,2004.8524590163934,2018.7917808219179
16,C,3,-5.168049919294479e-4,15,2004.8524590163934,2018.7917808219179
16,C,4,-5.913391310326631e-4,15,2004.8524590163934,2018.7917808219179
16,C,5,-2.506308698601327e-4,15,2004.8524590163934,2018.7917808219179
16,C,6,1.2917238930405562e-4,15,2004.8524590163934,2018.7917808219179
16,C,7,1.9968146075363555e-4,15,2004.8524590163934,2018.7917808219179
16,C,8,9.317940276114367e-4,15,2004.8524590163934,2018.7917808219179
16,C,9,5.860391064224662e-4,15,2004.8524590163934,2018.7917808219179
16,E,1,1.1084562402697648e-4,15,2004.8524590163934,2018.7917808219179
16,E,2,-1.666390091686773e-5,15,2004.8524590163934,2018.7917808219179
16,E,3,-4.944330071826872e-4,15,2004.8524590163934,2018.7917808219179
16,E,4,-1.738347814097481e-4,15,2004.8524590163934,2018.7917808219179
16,E,5,-7.47635734155739e-5,15,2004.8524590163934,2018.7917808219179
16,E,6,-4.8784581376250404e-4,15,2004.8524590163934,2018.7917808219179
16,E,7,1.203877229810678e-4,15,2004.8524590163934,2018.7917808219179
16,E,8,9.574189516756897e-4,15,2004.8524590163934,2018.7917808219179
16,E,9,6.852388725653277e-4,15,2004.8524590163934,2018.7917808219179
16,G,1,2.510731226034933e-4,15,2004.8524590163934,2018.7917808219179
16,G,2,2.2398349704796821e-4,15,2004.8524590163934,2018.7917808219179
16,G,3,-9.019774187754597e-6,15,2004.8524590163934,2018.7917808219179
16,G,4,-6.476138481864633e-5,15,2004.8524590163934,2018.7917808219179
16,G,5,-6.163266083985275e-4,15,2004.8524590163934,2018.7917808219179
16,G,6,-0.001022288721082759,15,2004.8524590163934,2018.7917808219179
16,G,7,-2.4776836194117223e-4,15,2004.8524590163934,2018.7917808219179
16,G,8,-4.215819963216905e-4,15,2004.8524590163934,2018.7917808219179
16,G,9,-3.089030738841173e-4,15,2004.8524590163934,2018.7917808219179
17,A,1,0.0065184224338465215,12,2005.4109589041095,2018.805479452055
17,A,2,0.007312386728507854,12,2005.4109589041095,2018.805479452055
17,A,3,0.007369326833947922,12,2005.4109589041095,2018.805479452055
17,A,4,0.00753422227228676,12,2005.4109589041095,2018.805479452055
17,A,5,0.007372932457590475,12,2005.4109589041095,2018.805479452055
17,A,6,0.007148599644622648,12,2005.4109589041095,2018.805479452055
17,A,7,0.007488355701281345,12,2005.4109589041095,2018.805479452055
17,A,8,0.007776539219005439,12,2005.4109589041095,2018.805479452055
17,A,9,0.007832722223336443,12,2005.4109589041095,2018.805479452055
17,C,1,0.007165688102964922,12,2005.4109589041095,2018.805479452055
17,C,2,0.007250558221760966,12,2005.4109589041095,2018.805479452055
17,C,3,0.00713675042103236,12,2005.4109589041095,2018.805479452055
17,C,4,0.007823502147338832,12,2005.4109589041095,2018.805479452055
17,C,5,0.00709497857398785,12,2005.4109589041095,2018.805479452055
17,C,6,0.008138854108380535,12,2005.4109589041095,2018.805479452055
17,C,7,0.0081787502348217,12,2005.4109589041095,2018.805479452055
17,C,8,0.008013905229399832,12,2005.4109589041095,2018.805479452055
17,C,9,0.008129676524702359,12,2005.4109589041095,2018.805479452055
17,E,1,0.004722656726916085,12,2005.4109589041095,2018.805479452055
17,E,2,0.005246773280855329,12,2005.4109589041095,2018.805479452055
17,E,3,0.00530642208982758,12,2005.4109589041095,2018.805479452055
17,E,4,0.005195507643391394,12,2005.4109589041095,2018.805479452055
17,E,5,0.004950246579542356,12,2005.4109589041095,2018.805479452055
17,E,6,0.0046157869089429844,12,2005.4109589041095,2018.805479452055
17,E,7,0.004825529189291936,11,2005.4109589041095,2018.805479452055
17,E,8,0.004685343351467684,11,2005.4109589041095,2018.805479452055
17,E,9,0.005177464611251773,12,2005.4109589041095,2018.805479452055
17,G,1,0.00535801217455845,12,2005.4109589041095,2018.805479452055
17,G,2,0.004484397163104699,12,2005.4109589041095,2018.805479452055
17,G,3,0.0044355543076757785,12,2005.4109589041095,2018.805479452055
17,G,4,0.004261448226079383,12,2005.4109589041095,2018.805479452055
17,G,5,0.0036045982632248955,12,2005.4109589041095,2018.805479452055
17,G,6,0.003921411684121077,12,2005.4109589041095,2018.805479452055
17,G,7,0.004208248741938303,12,2005.4109589041095,2018.805479452055
17,G,8,0.0042013413818460296,12,2005.4109589041095,2018.805479452055
17,G,9,0.003940521845591306,12,2005.4109589041095,2018.805479452055
18,A,1,0.001046334852792309,12,2005.4109589041095,2018.805479452055
18,A,2,9.867624172280915e-4,12,2005.4109589041095,2018.805479452055
18,A,3,0.0014448117661058557,12,2005.4109589041095,2018.805479452055
18,A,4,0.0013665567637520064,12,2005.4109589041095,2018.805479452055
18,A,5,0.00170372264464657,12,2005.4109589041095,2018.805479452055
18,A,6,0.0013581498081294788,12,2005.4109589041095,2018.805479452055
18,A,7,0.0012252549286822917,12,2005.4109589041095,2018.805479452055
18,A,8,0.001190080467176569,12,2005.4109589041095,2018.805479452055
18,A,9,0.0016537719280126351,12,2005.4109589041095,2018.805479452055
18,C,1,0.001296685489844689,12,2005.4109589041095,2018.805479452055
18,C,2,0.0021142838973583146,12,2005.4109589041095,2018.805479452055
18,C,3,0.0015631808885447362,12,2005.4109589041095,2018.805479452055
18,C,4,0.001826057826121034,12,2005.4109589041095,2018.805479452055
18,C,5,0.0017555804263868447,12,2005.4109589041095,2018.805479452055
18,C,6,0.0018876685700824243,12,2005.4109589041095,2018.805479452055
18,C,7,0.002254256108158577,11,2005.4109589041095,2018.805479452055
18,C,8,0.002087092446780584,12,2005.4109589041095,2018.805479452055
18,C,9,0.002061292115105352,12,2005.4109589041095,2018.805479452055
18,E,1,3.8255702135283406e-4,11,2005.4109589041095,2018.805479452055
18,E,2,2.8076371094660466e-4,11,2005.4109589041095,2018.805479452055
18,E,3,5.388359934492583e-5,12,2005.4109589041095,2018.805479452055
18,E,4,-1.2744154639885758e-4,12,2005.4109589041095,2018.805479452055
18,E,5,2.3628905618662226e-4,12,2005.4109589041095,2018.805479452055
18,E,6,-2.596191649549044e-4,12,2005.4109589041095,2018.805479452055
18,E,7,-1.9067563603731422e-4,12,2005.4109589041095,2018.805479452055
18,E,8,3.182506149894042e-4,12,2005.4109589041095,2018.805479452055
18,E,9,1.41115507833866e-4,12,2005.4109589041095,2018.805479452055
18,G,1,-3.362437140258788e-4,12,2005.4109589041095,2018.805479452055
18,G,2,-2.3636437581532182e-4,12,2005.4109589041095,2018.805479452055
18,G,3,-2.2278351052087216e-4,12,2005.4109589041095,2018.805479452055
18,G,4,1.204312578097745e-5,12,2005.4109589041095,2018.805479452055
18,G,5,-2.0410691172089408e-4,12,2005.4109589041095,2018.805479452055
18,G,6,-1.8858944876809378e-4,12,2005.4109589041095,2018.805479452055
18,G,7,-3.514357940836742e-4,12,2005.4109589041095,2018.805479452055
18,G,8,-7.507222621992358e-4,12,2005.4109589041095,2018.805479452055
18,G,9,-5.059385674259913e-4,12,2005.4109589041095,2018.805479452055
19,A,1,-0.018368914120847412,12,2005.4109589041095,2018.805479452055
19,A,2,-0.01770456823032414,12,2005.4109589041095,2018.805479452055
19,A,3,-0.01782435094159654,12,2005.4109589041095,2018.805479452055
19,A,4,-0.017436342924342225,12,2005.4109589041095,2018.805479452055
19,A,5,-0.017242095671401746,12,2005.4109589041095,2018.805479452055
19,A,6,-0.017105841413558972,12,2005.4109589041095,2018.805479452055
19,A,7,-0.017052528971819955,12,2005.4109589041095,2018.805479452055
19,A,8,-0.016973338044731723,12,2005.4109589041095,2018.805479452055
19,A,9,-0.017673366320666906,12,2005.4109589041095,2018.805479452055
19,C,1,-0.018635211008915614,12,2005.4109589041095,2018.805479452055
19,C,2,-0.018598615746005902,12,2005.4109589041095,2018.805479452055
19,C,3,-0.01850373234241807,12,2005.4109589041095,2018.805479452055
19,C,4,-0.018618007086545593,12,2005.4109589041095,2018.805479452055
19,C,5,-0.0179539620846682,12,2005.4109589041095,2018.805479452055
19,C,6,-0.018357099113224983,12,2005.4109589041095,2018.805479452055
19,C,7,-0.017766382830616653,12,2005.4109589041095,2018.805479452055
19,C,8,-0.017395422016023322,12,2005.4109589041095,2018.805479452055
19,C,9,-0.016839727216451446,12,2005.4109589041095,2018.805479452055
19,E,1,-0.019055377013772988,12,2005.4109589041095,2018.805479452055
19,E,2,-0.01964186459331716,12,2005.4109589041095,2018.805479452055
19,E,3,-0.018736038305307113,12,2005.4109589041095,2018.805479452055
19,E,4,-0.018955385820740647,12,2005.4109589041095,2018.805479452055
19,E,5,-0.018602933399107346,12,2005.4109589041095,2018.805479452055
19,E,6,-0.0185127760510508,12,2005.4109589041095,2018.805479452055
19,E,7,-0.018139537398745572,12,2005.4109589041095,2018.805479452055
19,E,8,-0.018372528383385517,12,2005.4109589041095,2018.805479452055
19,E,9,-0.020184245025325037,12,2005.4109589041095,2018.805479452055
19,G,1,-0.019067535398229182,12,2005.4109589041095,2018.805479452055
19,G,2,-0.020356875897229235,12,2005.4109589041095,2018.805479452055
19,G,3,-0.020463252516834826,12,2005.4109589041095,2018.805479452055
19,G,4,-0.019782761249870984,12,2005.4109589041095,2018.805479452055
19,G,5,-0.0193386175418872,12,2005.4109589041095,2018.805479452055
19,G,6,-0.019722942844661497,12,2005.4109589041095,2018.805479452055
19,G,7,-0.01999355911774772,12,2005.4109589041095,2018.805479452055
19,G,8,-0.02038016174090811,12,2005.4109589041095,2018.805479452055
19,G,9,-0.0212377569930109,12,2005.4109589041095,2018.805479452055
20,A,1,-0.0030485845313080757,12,2005.4136986301369,2018.805479452055
20,A,2,-0.004077029150949877,12,2005.4136986301369,2018.805479452055
20,A,3,-0.0036171588552220578,12,2005.4136986301369,2018.805479452055
20,A,4,-0.004078819260378849,12,2005.4136986301369,2018.805479452055
20,A,5,-0.0038794175318010438,12,2005.4136986301369,2018.805479452055
20,A,6,-0.004867800761804752,12,2005.4136986301369,2018.805479452055
20,A,7,-0.005372769804740179,12,2005.4136986301369,2018.805479452055
20,A,8,-0.0051383742125816435,12,2005.4136986301369,2018.805479452055
20,A,9,-0.005039114405885416,12,2005.4136986301369,2018.805479452055
20,C,1,-0.0036110915246311565,12,2005.4136986301369,2018.805479452055
20,C,2,-0.004843557828431582,12,2005.4136986301369,2018.805479452055
20,C,3,-0.0028370143925601776,11,2005.4136986301369,2018.805479452055
20,C,4,-0.0034081101846146216,12,2005.4136986301369,2018.805479452055
20,C,5,-0.0024195170200306216,12,2005.4136986301369,2018.805479452055
20,C,6,-0.0024118158517277702,12,2005.4136986301369,2018.805479452055
20,C,7,-0.001970741213819595,12,2005.4136986301369,2018.805479452055
20,C,8,-0.003949639647790571,12,2005.4136986301369,2018.805479452055
20,C,9,-0.004058168956713098,12,2005.4136986301369,2018.805479452055
20,E,1,-0.0042907881401205595,12,2005.4136986301369,2018.805479452055
20,E,2,-0.00415409280206696,12,2005.4136986301369,2018.805479452055
20,E,3,-0.0038101209427234333,12,2005.4136986301369,2018.805479452055
20,E,4,-0.003757071752864573,12,2005.4136986301369,2018.805479452055
20,E,5,-0.0036390380954485456,12,2005.4136986301369,2018.805479452055
20,E,6,-0.002973279651287737,12,2005.4136986301369,2018.805479452055
20,E,7,-0.0027286547970437106,12,2005.4136986301369,2018.805479452055
20,E,8,-0.002713437070886227,12,2005.4136986301369,2018.805479452055
20,E,9,-0.002664454845151885,12,2005.4136986301369,2018.805479452055
20,G,1,-0.003927604233334091,12,2005.4136986301369,2018.805479452055
20,G,2,-0.00406086182608183,12,2005.4136986301369,2018.805479452055
20,G,3,-0.003949550724616691,12,2005.4136986301369,2018.805479452055
20,G,4,-0.0035363260628722606,12,2005.4136986301369,2018.805479452055
20,G,5,-0.00273936921460719,12,2005.4136986301369,2018.805479452055
20,G,6,-0.002644761669195386,12,2005.4136986301369,2018.805479452055
20,G,7,-0.004043553332980542,12,2005.4136986301369,2018.805479452055
20,G,8,-0.0028600695923695738,12,2005.4136986301369,2018.805479452055
20,G,9,-0.003972636164427752,12,2005.4136986301369,2018.805479452055
21,A,1,-0.0039050992748750554,12,2005.4109589041095,2018.805479452055
21,A,2,-0.0035605895202595493,12,2005.4109589041095,2018.805479452055
21,A,3,-0.003482279076577379,11,2005.4109589041095,2018.805479452055
21,A,4,-0.004098564336212716,11,2005.4109589041095,2018.805479452055
21,A,5,-0.0039052221671489877,11,2005.4109589041095,2018.805479452055
21,A,6,-0.0036904780998768595,12,2005.4109589041095,2018.805479452055
21,A,7,-0.004404182496519783,12,2005.4109589041095,2018.805479452055
21,A,8,-0.004461466163054354,12,2005.4109589041095,2018.805479452055
21,A,9,-0.004572526057601854,12,2005.4109589041095,2018.805479452055
21,C,1,-0.003943467338118178,12,2005.4109589041095,2018.805479452055
21,C,2,-0.003916787695138375,12,2005.4109589041095,2018.805479452055
21,C,3,-0.00423270721035725,12,2005.4109589041095,2018.805479452055
21,C,4,-0.004538271206325976,12,2005.4109589041095,2018.805479452055
21,C,5,-0.003970988707562968,12,2005.4109589041095,2018.805479452055
21,C,6,-0.004410952261210681,11,2005.4109589041095,2018.805479452055
21,C,7,-0.0040677841095953845,12,2005.4109589041095,2018.805479452055
21,C,8,-0.004135680916100726,12,2005.4109589041095,2018.805479452055
21,C,9,-0.00420706624499958,12,2005.4109589041095,2018.805479452055
21,E,1,-0.0038904240182256133,12,2005.4109589041095,2018.805479452055
21,E,2,-0.00417471655447158,12,2005.4109589041095,2018.805479452055
21,E,3,-0.004148338017564396,12,2005.4109589041095,2018.805479452055
21,E,4,-0.0040469153242319944,12,2005.4109589041095,2018.805479452055
21,E,5,-0.0039278092975188385,12,2005.4109589041095,2018.805479452055
21,E,6,-0.00400944895225478,12,2005.4109589041095,2018.805479452055
21,E,7,-0.004382102029310592,12,2005.4109589041095,2018.805479452055
21,E,8,-0.004145120236471834,12,2005.4109589041095,2018.805479452055
21,E,9,-0.0044546525182261034,12,2005.4109589041095,2018.805479452055
21,G,1,-0.0036896281036974884,12,2005.4109589041095,2018.805479452055
21,G,2,-0.0030959558593029513,12,2005.4109589041095,2018.805479452055
21,G,3,-0.0032876286219587865,12,2005.4109589041095,2018.805479452055
21,G,4,-0.0031773177026194993,12,2005.4109589041095,2018.805479452055
21,G,5,-0.0030353549409002367,11,2005.4109589041095,2018.805479452055
21,G,6,-0.0030718320978761343,12,2005.4109589041095,2018.805479452055
21,G,7,-0.0024233002479036926,12,2005.4109589041095,2018.805479452055
21,G,8,-0.0021077312396167846,12,2005.4109589041095,2018.805479452055
21,G,9,-0.0024828621720086796,12,2005.4109589041095,2018.805479452055
22,B,1,0.0017906897839485747,12,2005.5698630136985,2015.8027397260273
22,B,2,0.0013863503903113073,12,2005.5698630136985,2015.8027397260273
22,B,3,-0.005894138909753282,12,2005.5698630136985,2015.8027397260273
22,B,4,0.0020687330122999524,12,2005.5698630136985,2015.8027397260273
22,B,5,3.8305869612667657e-4,12,2005.5698630136985,2015.8027397260273
22,B,6,-7.723850167945642e-5,12,2005.5698630136985,2015.8027397260273
22,B,7,-0.0047373785778822685,12,2005.5698630136985,2015.8027397260273
22,B,8,-0.0025229229415264687,12,2005.5698630136985,2015.8027397260273
22,B,9,-0.0025503483834437082,12,2005.5698630136985,2015.8027397260273
22,D,1,0.0020501270866072705,12,2005.5698630136985,2015.8027397260273
22,D,2,-2.821727631966329e-4,12,2005.5698630136985,2015.8027397260273
22,D,3,-5.622395324868766e-4,12,2005.5698630136985,2015.8027397260273
22,D,4,-3.953944302336383e-4,12,2005.5698630136985,2015.8027397260273
22,D,5,0.0018045795197778529,12,2005.5698630136985,2015.8027397260273
22,D,6,0.00339210581346042,12,2005.5698630136985,2015.8027397260273
22,D,7,0.002723573545401834,12,2005.5698630136985,2015.8027397260273
22,D,8,0.002324830877531017,12,2005.5698630136985,2015.8027397260273
22,D,9,0.005892385592891094,12,2005.5698630136985,2015.8027397260273
22,F,1,0.0027722387427203355,12,2005.5698630136985,2015.8027397260273
22,F,2,7.287635923353822e-4,12,2005.5698630136985,2015.8027397260273
22,F,3,0.005643238448290368,12,2005.5698630136985,2015.8027397260273
22,F,4,0.005113120864321157,12,2005.5698630136985,2015.8027397260273
22,F,5,0.0010648954745496675,12,2005.5698630136985,2015.8027397260273
22,F,6,0.001752248201270496,12,2005.5698630136985,2015.8027397260273
22,F,7,0.0029616741366393956,12,2005.5698630136985,2015.8027397260273
22,F,8,0.003410510325797947,12,2005.5698630136985,2015.8027397260273
22,F,9,0.002255919126455558,12,2005.5698630136985,2015.8027397260273
22,H,1,1.5289965994473456e-4,12,2005.5698630136985,2015.8027397260273
22,H,2,9.973364040707184e-4,12,2005.5698630136985,2015.8027397260273
22,H,3,0.003904132057265836,12,2005.5698630136985,2015.8027397260273
22,H,4,5.760519417583275e-4,12,2005.5698630136985,2015.8027397260273
22,H,5,0.001668127774310669,12,2005.5698630136985,2015.8027397260273
22,H,6,0.001416614295630126,12,2005.5698630136985,2015.8027397260273
22,H,7,0.0013061897271671487,12,2005.5698630136985,2015.8027397260273
22,H,8,0.0011454863374109998,11,2005.8712328767124,2015.8027397260273
22,H,9,-0.0017259023567648948,12,2005.5698630136985,2015.8027397260273
23,A,1,0.008696917237808705,11,2005.5698630136985,2015.8027397260273
23,A,2,0.00785883300813281,11,2005.5698630136985,2015.8027397260273
23,A,3,0.005616690522747153,11,2005.5698630136985,2015.8027397260273
23,A,4,0.005256322159855176,11,2005.5698630136985,2015.8027397260273
23,A,5,0.007334396450676723,10,2005.5698630136985,2015.8027397260273
23,A,6,0.003745379479317735,9,2005.5698630136985,2015.8027397260273
23,A,7,0.004161907701668413,10,2005.5698630136985,2015.8027397260273
23,A,8,0.003839877653922281,11,2005.5698630136985,2015.8027397260273
23,A,9,0.004032280071204345,11,2005.5698630136985,2015.8027397260273
23,C,1,0.008502816513436024,11,2005.5698630136985,2015.8027397260273
23,C,2,0.006295857445746486,11,2005.5698630136985,2015.8027397260273
23,C,3,0.005790532665490335,11,2005.5698630136985,2015.8027397260273
23,C,4,0.0051875312779957,11,2005.5698630136985,2015.8027397260273
23,C,5,0.005134235893755437,11,2005.5698630136985,2015.8027397260273
23,C,6,0.004510595627602979,11,2005.5698630136985,2015.8027397260273
23,C,7,0.005238227207542547,11,2005.5698630136985,2015.8027397260273
23,C,8,0.006417741342896106,10,2005.8712328767124,2015.8027397260273
23,C,9,0.006735979075872245,10,2005.8712328767124,2015.8027397260273
23,E,1,0.006347785247936146,11,2005.5698630136985,2015.8027397260273
23,E,2,0.008295163222922966,11,2005.5698630136985,2015.8027397260273
23,E,3,0.006807805155787535,11,2005.5698630136985,2015.8027397260273
23,E,4,0.007439212404828154,11,2005.5698630136985,2015.8027397260273
23,E,5,0.008094212923759564,11,2005.5698630136985,2015.8027397260273
23,E,6,0.008942736050869423,11,2005.5698630136985,2015.8027397260273
23,E,7,0.00934812532038904,11,2005.5698630136985,2015.8027397260273
23,E,8,0.01122232837643436,11,2005.5698630136985,2015.8027397260273
23,E,9,0.008583532560764301,11,2005.5698630136985,2015.8027397260273
23,G,1,0.005655103886852728,11,2005.5698630136985,2015.8027397260273
23,G,2,0.004271955551747812,11,2005.5698630136985,2015.8027397260273
23,G,3,0.0057705515875884315,9,2005.5698630136985,2015.8027397260273
23,G,4,0.004130401283318233,10,2005.5698630136985,2015.8027397260273
23,G,5,0.004010526627101135,11,2005.5698630136985,2015.8027397260273
23,G,6,0.004549866045703386,11,2005.5698630136985,2015.8027397260273
23,G,7,0.0037888914253700473,11,2005.5698630136985,2015.8027397260273
23,G,8,0.00553988396444953,10,2005.5698630136985,2015.8027397260273
23,G,9,0.005209474792247518,10,2005.5698630136985,2015.8027397260273
24,B,1,7.43081025259143e-4,10,2005.868493150685,2015.8027397260273
24,B,2,-7.197306693957126e-5,10,2005.868493150685,2015.8027397260273
24,B,3,-0.0011832003601493534,9,2005.868493150685,2015.8027397260273
24,B,4,3.957660949562562e-5,10,2005.868493150685,2015.8027397260273
24,B,5,0.0019216777734098124,10,2005.868493150685,2015.8027397260273
24,B,6,0.0021591804585294203,10,2005.868493150685,2015.8027397260273
24,B,7,2.742768331736358e-4,9,2006.2383561643835,2015.8027397260273
24,B,8,0.0038794430265850833,10,2005.868493150685,2015.8027397260273
24,B,9,0.004308681420601455,9,2005.868493150685,2015.8027397260273
24,D,1,0.0074930633745321756,10,2005.868493150685,2015.8027397260273
24,D,2,0.00574354957394914,9,2006.2383561643835,2015.8027397260273
24,D,3,0.0037445645309026956,9,2005.868493150685,2015.8027397260273
24,D,4,0.0032266997075334966,10,2005.868493150685,2015.8027397260273
24,D,5,0.0035163871756633707,9,2005.868493150685,2015.8027397260273
24,D,6,0.004749565672627523,10,2005.868493150685,2015.8027397260273
24,D,7,0.0030850583394078294,9,2005.868493150685,2015.8027397260273
24,D,8,0.004772293592385452,10,2005.868493150685,2015.8027397260273
24,D,9,0.006367177124580891,10,2005.868493150685,2015.8027397260273
24,F,1,0.004221181848834934,10,2005.868493150685,2015.8027397260273
24,F,2,0.00526364970417696,9,2006.2383561643835,2015.8027397260273
24,F,3,0.006741164296866471,10,2005.868493150685,2015.8027397260273
24,F,4,0.0043092724667225845,10,2005.868493150685,2015.8027397260273
24,F,5,0.002629637534170187,8,2005.868493150685,2014.2465753424658
24,F,6,0.005143372208410554,7,2005.868493150685,2010.3205479452056
24,F,7,0.0056252066784220605,10,2005.868493150685,2015.8027397260273
24,F,8,0.004493180651701981,10,2005.868493150685,2015.8027397260273
24,F,9,0.004567537704405777,10,2005.868493150685,2015.8027397260273
24,H,1,0.0012124175504663842,10,2005.868493150685,2015.8027397260273
24,H,2,0.004064295113213814,10,2005.868493150685,2015.8027397260273
24,H,3,0.004531813359547891,10,2005.868493150685,2015.8027397260273
24,H,4,0.002917052975209024,10,2005.868493150685,2015.8027397260273
24,H,5,0.004215064370242857,9,2005.868493150685,2015.8027397260273
24,H,6,0.002746340843281756,10,2005.868493150685,2015.8027397260273
24,H,7,0.0028698732922776598,10,2005.868493150685,2015.8027397260273
24,H,8,0.007473698746151339,9,2005.868493150685,2015.8027397260273
24,H,9,0.0068533257656017465,10,2005.868493150685,2015.8027397260273
25,A,1,-0.01138759206502327,10,2005.868493150685,2015.8027397260273
25,A,2,-0.012710196964529411,10,2005.868493150685,2015.8027397260273
25,A,3,-0.013666913353154392,10,2005.868493150685,2015.8027397260273
25,A,4,-0.01285102455739467,10,2005.868493150685,2015.8027397260273
25,A,5,-0.009092886689436162,10,2005.868493150685,2015.8027397260273
25,A,6,-0.013012791759820968,10,2005.868493150685,2015.8027397260273
25,A,7,-0.012845453809675438,10,2005.868493150685,2015.8027397260273
25,A,8,-0.011982927358967402,10,2005.868493150685,2015.8027397260273
25,A,9,-0.01010078007224753,10,2005.868493150685,2015.8027397260273
25,C,1,-0.010723328921433016,9,2005.868493150685,2015.8027397260273
25,C,2,-0.008403018705588872,9,2005.868493150685,2015.8027397260273
25,C,3,-0.007579287764645698,9,2005.868493150685,2015.8027397260273
25,C,4,-0.008074230439125413,9,2005.868493150685,2015.8027397260273
25,C,5,-0.007836759864893987,9,2005.868493150685,2015.8027397260273
25,C,6,-0.009574992799033497,9,2005.868493150685,2015.8027397260273
25,C,7,-0.006893911856403635,9,2005.868493150685,2015.8027397260273
25,C,8,-0.008057688377159963,9,2005.868493150685,2015.8027397260273
25,C,9,-0.008607746469395092,9,2005.868493150685,2015.8027397260273
25,E,1,-0.009730588477215207,9,2005.868493150685,2015.8027397260273
25,E,2,-0.0074182713346000306,9,2005.868493150685,2015.8027397260273
25,E,3,-0.007652740594270443,9,2005.868493150685,2015.8027397260273
25,E,4,-0.007457141037041175,9,2005.868493150685,2015.8027397260273
25,E,5,-0.0075960118183192645,9,2005.868493150685,2015.8027397260273
25,E,6,-0.006788646931322175,9,2005.868493150685,2015.8027397260273
25,E,7,-0.006834344509256374,9,2005.868493150685,2015.8027397260273
25,E,8,-0.006706253611062229,9,2005.868493150685,2015.8027397260273
25,E,9,-0.0066441499095471705,9,2005.868493150685,2015.8027397260273
25,G,1,-0.005717197243246567,10,2005.868493150685,2015.8027397260273
25,G,2,-0.005804074623181129,10,2005.868493150685,2015.8027397260273
25,G,3,-0.0061825278945390446,10,2005.868493150685,2015.8027397260273
25,G,4,-0.006278910244771033,10,2005.868493150685,2015.8027397260273
25,G,5,-0.0061072803716180095,10,2005.868493150685,2015.8027397260273
25,G,6,-0.0055920364013647,10,2005.868493150685,2015.8027397260273
25,G,7,-0.006049458386503335,10,2005.868493150685,2015.8027397260273
25,G,8,-0.005716615675536627,10,2005.868493150685,2015.8027397260273
25,G,9,-0.006394422538813653,10,2005.868493150685,2015.8027397260273
26,B,1,-0.003518744146859278,10,2006.682191780822,2018.3671232876711
26,B,2,-0.006355437345909583,10,2006.682191780822,2018.3671232876711
26,B,3,-7.952370163955234e-4,10,2006.682191780822,2018.3671232876711
26,B,4,-0.0030103518808815032,10,2006.682191780822,2018.3671232876711
26,B,5,-0.005443139797147528,10,2006.682191780822,2018.3671232876711
26,B,6,-0.005430829124295463,10,2006.682191780822,2018.3671232876711
26,B,7,-0.004299481296672095,10,2006.682191780822,2018.3671232876711
26,B,8,-0.005024112830496498,10,2006.682191780822,2018.3671232876711
26,B,9,-0.003548820132045516,10,2006.682191780822,2018.3671232876711
26,D,1,-0.003747225198113592,10,2006.682191780822,2018.3671232876711
26,D,2,-0.004560103394452473,10,2006.682191780822,2018.3671232876711
26,D,3,-0.0038287133462584578,10,2006.682191780822,2018.3671232876711
26,D,4,-0.005285591386497624,10,2006.682191780822,2018.3671232876711
26,D,5,-0.0024927523605545324,10,2006.682191780822,2018.3671232876711
26,D,6,-0.003901818095286231,10,2006.682191780822,2018.3671232876711
26,D,7,-0.004272262857422357,10,2006.682191780822,2018.3671232876711
26,D,8,-0.0033619705646292758,10,2006.682191780822,2018.3671232876711
26,D,9,-0.0036314524656758736,10,2006.682191780822,2018.3671232876711
26,F,1,-0.003772293172141129,10,2006.682191780822,2018.3671232876711
26,F,2,-0.004059563252014861,10,2006.682191780822,2018.3671232876711
26,F,3,-0.0035334240457317394,10,2006.682191780822,2018.3671232876711
26,F,4,-0.0036892114555157696,10,2006.682191780822,2018.3671232876711
26,F,5,-0.00424026432890769,10,2006.682191780822,2018.3671232876711
26,F,6,-0.0027774736759655218,10,2006.682191780822,2018.3671232876711
26,F,7,-0.0033881952107788957,10,2006.682191780822,2018.3671232876711
26,F,8,-0.0034179010097796043,10,2006.682191780822,2018.3671232876711
26,F,9,-0.004626135909163049,10,2006.682191780822,2018.3671232876711
26,H,1,-0.0042747954834963155,10,2006.682191780822,2018.3671232876711
26,H,2,-0.003855554486108134,10,2006.682191780822,2018.3671232876711
26,H,3,-0.004031639517150496,10,2006.682191780822,2018.3671232876711
26,H,4,-0.004416994605535329,10,2006.682191780822,2018.3671232876711
26,H,5,-0.004089770297047168,10,2006.682191780822,2018.3671232876711
26,H,6,-0.004726533881338583,10,2006.682191780822,2018.3671232876711
26,H,7,-0.004369095228844521,10,2006.682191780822,2018.3671232876711
26,H,8,-0.00500786782324797,9,2006.682191780822,2018.3671232876711
26,H,9,-0.003886649939927744,10,2006.682191780822,2018.3671232876711
27,B,1,-0.020063309947508257,11,2006.682191780822,2019.7753424657535
27,B,2,-0.020020325790075105,11,2006.682191780822,2019.7753424657535
27,B,3,-0.02060564567942722,11,2006.682191780822,2019.7753424657535
27,B,4,-0.020321762617546032,11,2006.682191780822,2019.7753424657535
27,B,5,-0.02094700767813232,11,2006.682191780822,2019.7753424657535
27,B,6,-0.020935303407949878,11,2006.682191780822,2019.7753424657535
27,B,7,-0.020500821097970807,11,2006.682191780822,2019.7753424657535
27,B,8,-0.020465958636098052,11,2006.682191780822,2019.7753424657535
27,B,9,-0.021044510668667908,11,2006.682191780822,2019.7753424657535
27,D,1,-0.022305217726574445,10,2006.682191780822,2019.7753424657535
27,D,2,-0.023249050441062062,10,2006.682191780822,2019.7753424657535
27,D,3,-0.023695580760728644,10,2006.682191780822,2019.7753424657535
27,D,4,-0.023979578530997546,10,2006.682191780822,2019.7753424657535
27,D,5,-0.024326836329936347,10,2006.682191780822,2019.7753424657535
27,D,6,-0.02433631465027937,9,2006.682191780822,2019.7753424657535
27,D,7,-0.02564342668078976,10,2006.682191780822,2019.7753424657535
27,D,8,-0.02553251351692056,10,2006.682191780822,2019.7753424657535
27,D,9,-0.02440630784249516,9,2006.682191780822,2019.7753424657535
27,F,1,-0.019123201104732482,11,2006.682191780822,2019.7753424657535
27,F,2,-0.01886945790710425,11,2006.682191780822,2019.7753424657535
27,F,3,-0.018735376886670336,11,2006.682191780822,2019.7753424657535
27,F,4,-0.01840795715153309,11,2006.682191780822,2019.7753424657535
27,F,5,-0.018282185632367446,11,2006.682191780822,2019.7753424657535
27,F,6,-0.017952942216811863,11,2006.682191780822,2019.7753424657535
27,F,7,-0.018138985914241484,11,2006.682191780822,2019.7753424657535
27,F,8,-0.016566019615468566,11,2006.682191780822,2019.7753424657535
27,F,9,-0.017830904655586764,11,2006.682191780822,2019.7753424657535
27,H,1,-0.01590241172292467,11,2006.682191780822,2019.7753424657535
27,H,2,-0.015443693815815025,11,2006.682191780822,2019.7753424657535
27,H,3,-0.014815213381232649,11,2006.682191780822,2019.7753424657535
27,H,4,-0.01471526231935687,11,2006.682191780822,2019.7753424657535
27,H,5,-0.013739016167539699,11,2006.682191780822,2019.7753424657535
27,H,6,-0.013755360767264465,11,2006.682191780822,2019.7753424657535
27,H,7,-0.013250563562107501,11,2006.682191780822,2019.7753424657535
27,H,8,-0.012478705369554923,11,2006.682191780822,2019.7753424657535
27,H,9,-0.012228449759366265,11,2006.682191780822,2019.7753424657535
28,B,1,-0.005135980415893258,9,2006.7589041095891,2018.3671232876711
28,B,2,-0.005227461726615963,9,2006.7589041095891,2018.3671232876711
28,B,3,-0.0038119108717304907,9,2006.7589041095891,2018.3671232876711
28,B,4,-0.003696524508360553,9,2006.7589041095891,2018.3671232876711
28,B,5,-0.003051879258775685,9,2006.7589041095891,2018.3671232876711
28,B,6,-0.0033769524292312576,9,2006.7589041095891,2018.3671232876711
28,B,7,-0.0038607027192808837,9,2006.7589041095891,2018.3671232876711
28,B,8,-0.003420104062447971,9,2006.7589041095891,2018.3671232876711
28,B,9,-0.0032000400587681777,9,2006.7589041095891,2018.3671232876711
28,D,1,-0.007569725681010298,9,2006.7589041095891,2018.3671232876711
28,D,2,-0.008153982643345659,9,2006.7589041095891,2018.3671232876711
28,D,3,-0.010080224327256606,8,2006.7589041095891,2015.495890410959
28,D,4,-0.00841338524840085,9,2006.7589041095891,2018.3671232876711
28,D,5,-0.007944439393816739,9,2006.7589041095891,2018.3671232876711
28,D,6,-0.008008480794717816,9,2006.7589041095891,2018.3671232876711
28,D,7,-0.008638528270908377,9,2006.7589041095891,2018.3671232876711
28,D,8,-0.008411848693536114,9,2006.7589041095891,2018.3671232876711
28,D,9,-0.0077756830870245,9,2006.7589041095891,2018.3671232876711
28,F,1,-0.010223851094652554,8,2006.7589041095891,2018.3671232876711
28,F,2,-0.009436748306945908,9,2006.7589041095891,2018.3671232876711
28,F,3,-0.010160123276858564,9,2006.7589041095891,2018.3671232876711
28,F,4,-0.010270909146589733,9,2006.7589041095891,2018.3671232876711
28,F,5,-0.009445310011134257,9,2006.7589041095891,2018.3671232876711
28,F,6,-0.008505107122445977,9,2006.7589041095891,2018.3671232876711
28,F,7,-0.007987832885595516,9,2006.7589041095891,2018.3671232876711
28,F,8,-0.007558281168530788,9,2006.7589041095891,2018.3671232876711
28,F,9,-0.00724238842067927,9,2006.7589041095891,2018.3671232876711
28,H,1,-0.008941259737479485,9,2006.7589041095891,2018.3671232876711
28,H,2,-0.006724595489745945,9,2006.7589041095891,2018.3671232876711
28,H,3,-0.006390650300929354,9,2006.7589041095891,2018.3671232876711
28,H,4,-0.0057909209930478095,9,2006.7589041095891,2018.3671232876711
28,H,5,-0.005163351222484538,9,2006.7589041095891,2018.3671232876711
28,H,6,-0.004115793970994772,9,2006.7589041095891,2018.3671232876711
28,H,7,-0.00335845486489273,9,2006.7589041095891,2018.3671232876711
28,H,8,-0.003018190465288615,9,2006.7589041095891,2018.3671232876711
28,H,9,-0.0028427993592764792,9,2006.7589041095891,2018.3671232876711
29,A,1,0.001078179495369206,6,2007.441095890411,2015.1616438356164
29,A,2,-0.0021749440226252748,6,2007.441095890411,2015.1616438356164
29,A,3,-0.0020194543484458823,6,2007.441095890411,2015.1616438356164
29,A,4,-0.002295324703621373,6,2007.441095890411,2015.1616438356164
29,A,5,0.0013496926213510238,6,2007.441095890411,2015.1616438356164
29,A,6,0.003582225530275249,6,2007.441095890411,2015.1616438356164
29,A,7,0.002639313649956476,6,2007.441095890411,2015.1616438356164
29,A,8,0.002715821525569633,5,2007.441095890411,2015.1616438356164
29,A,9,0.0021555783787970384,6,2007.441095890411,2015.1616438356164
29,C,1,-0.0026982837190258494,6,2007.441095890411,2015.1616438356164
29,C,2,7.63852111049213e-4,6,2007.441095890411,2015.1616438356164
29,C,3,-0.0011733727043463313,6,2007.441095890411,2015.1616438356164
29,C,4,-0.0011183986761013943,6,2007.441095890411,2015.1616438356164
29,C,5,-1.6475234230816768e-4,5,2007.441095890411,2015.1616438356164
29,C,6,0.0013155634745786197,5,2007.441095890411,2015.1616438356164
29,C,7,0.0014635077293073371,5,2007.441095890411,2015.1616438356164
29,C,8,-3.458731641068297e-4,6,2007.441095890411,2015.1616438356164
29,C,9,0.0012714548346854026,6,2007.441095890411,2015.1616438356164
29,E,1,0.0014082137263122445,6,2007.441095890411,2015.1616438356164
29,E,2,5.450933087397808e-4,6,2007.441095890411,2015.1616438356164
29,E,3,0.0011865477187405576,6,2007.441095890411,2015.1616438356164
29,E,4,4.2394203616064215e-4,6,2007.441095890411,2015.1616438356164
29,E,5,-0.001030986405505938,6,2007.441095890411,2015.1616438356164
29,E,6,-9.038584446515532e-5,6,2007.441095890411,2015.1616438356164
29,E,7,5.549615398152623e-4,6,2007.441095890411,2015.1616438356164
29,E,8,9.082940798926127e-5,6,2007.441095890411,2015.1616438356164
29,E,9,7.307147860368319e-4,6,2007.441095890411,2015.1616438356164
29,G,1,-0.0027906867136776848,6,2007.441095890411,2015.1616438356164
29,G,2,-0.002732744192364613,5,2007.827397260274,2015.1616438356164
29,G,3,-0.0011446212381234127,6,2007.441095890411,2015.1616438356164
29,G,4,-0.0014762806540670604,6,2007.441095890411,2015.1616438356164
29,G,5,-0.0025404710134617463,6,2007.441095890411,2015.1616438356164
29,G,6,-0.0015172920287130863,6,2007.441095890411,2015.1616438356164
29,G,7,-0.0013390981094975928,6,2007.441095890411,2015.1616438356164
29,G,8,-7.806920389705724e-4,6,2007.441095890411,2015.1616438356164
29,G,9,-0.0024771848377086476,6,2007.441095890411,2015.1616438356164
30,B,1,0.003350462319933373,6,2007.441095890411,2015.1616438356164
30,B,2,0.002314055486173705,6,2007.441095890411,2015.1616438356164
30,B,3,0.001939218411233678,6,2007.441095890411,2015.1616438356164
30,B,4,0.0013991203812582728,6,2007.441095890411,2015.1616438356164
30,B,5,0.0024456681429887513,6,2007.441095890411,2015.1616438356164
30,B,6,0.0018677655783709683,6,2007.441095890411,2015.1616438356164
30,B,7,0.0021256603867033236,6,2007.441095890411,2015.1616438356164
30,B,8,0.0036130940249329514,6,2007.441095890411,2015.1616438356164
30,B,9,0.003648509940390488,6,2007.441095890411,2015.1616438356164
30,D,1,0.0021412418487117,6,2007.441095890411,2015.1616438356164
30,D,2,0.002487967914487423,6,2007.441095890411,2015.1616438356164
30,D,3,0.0030134131874837195,6,2007.441095890411,2015.1616438356164
30,D,4,0.0018908105155898982,6,2007.441095890411,2015.1616438356164
30,D,5,0.0022173201830893437,6,2007.441095890411,2015.1616438356164
30,D,6,0.0027119668436679204,6,2007.441095890411,2015.1616438356164
30,D,7,0.002883859844440931,6,2007.441095890411,2015.1616438356164
30,D,8,0.0035326544922581276,6,2007.441095890411,2015.1616438356164
30,D,9,0.002801644626188809,6,2007.441095890411,2015.1616438356164
30,F,1,0.004466225251389407,6,2007.441095890411,2015.1616438356164
30,F,2,0.005515119013248061,6,2007.441095890411,2015.1616438356164
30,F,3,0.0031307127384266704,6,2007.441095890411,2015.1616438356164
30,F,4,0.004143023603485537,6,2007.441095890411,2015.1616438356164
30,F,5,0.003928440948180171,6,2007.441095890411,2015.1616438356164
30,F,6,0.0047637130331247375,6,2007.441095890411,2015.1616438356164
30,F,7,0.0037394746232173545,6,2007.441095890411,2015.1616438356164
30,F,8,0.0032123160641477854,6,2007.441095890411,2015.1616438356164
30,F,9,0.003572150385306751,6,2007.441095890411,2015.1616438356164
30,H,1,0.004838752243329749,6,2007.441095890411,2015.1616438356164
30,H,2,0.00541204693966069,6,2007.441095890411,2015.1616438356164
30,H,3,0.004515162404141504,6,2007.441095890411,2015.1616438356164
30,H,4,0.004272615010876634,6,2007.441095890411,2015.1616438356164
30,H,5,0.005733165068770617,6,2007.441095890411,2015.1616438356164
30,H,6,0.003986200310705879,6,2007.441095890411,2015.1616438356164
30,H,7,0.0034100289907257925,6,2007.441095890411,2015.1616438356164
30,H,8,0.0033164596003371705,6,2007.441095890411,2015.1616438356164
30,H,9,7.608823761481896e-4,6,2007.441095890411,2015.1616438356164
